Swimmer,Swimmer,Uprising Academy
Asking,Asking,Uprising Academy
Hypnott,Hypnott,Uprising Academy
Punk,Punk,Uprising Academy
Dino,Dino,Uprising Academy
Klaus,Klaus,Uprising Academy
FUSIONS,FUSIONS,Uprising Academy
PUNKI,PUNK,Uprising Academy
BLASB,BLASE,Uprising Academy
BOB,BQB,Uprising Academy
MCGRAVYI,MCGRAVY,Uprising Academy
DKRIS,KRIS,Uprising Academy
IIUSIONS,FUSIONS,Uprising Academy
AFPLY,APPLY,Uprising Academy
UBERO,LIBERO,Uprising Academy
HELLOIMHALO,HELLOIMHALO,SECOND WIND
BERD,BERD,SECOND WIND
SHARYK,SHARYK,SECOND WIND
GODS,GODS,SECOND WIND
ICED,ICED,SECOND WIND
SPEEDILY,SPEEDILY,SECOND WIND
SFEEDILY,SPEEDILY,SECOND WIND
ASKIIO,ASKING,UPRISING ACADEMY
DALTON,DALTON,GLADIATORS LEGION
WATER,WATER,GLADIATORS LEGION
FRD,FRD,GLADIATORS LEGION
ROOLF,ROOLF,GLADIATORS LEGION
LUDDEE,LUDDEE,GLADIATORS LEGION
TENSA,TENSA,MONTREAL REBELLION
GOLIATH,GOLIATH,MONTREAL REBELLION
CHAYNE,CHAYNE,MONTREAL REBELLION
HOOEY,HOOEY,MONTREAL REBELLION
NAGA,NAGA,MONTREAL REBELLION
LOGIX,LOGIX,MONTREAL REBELLION
DNKER,PANKER,GLADIATORS LEGION
ROOLFI,ROOLF,GLADIATORS LEGION
NOMY,NOMY,MONTREAL REBELLION
INSA,TENSA,GLADIATORS LEGION
DOOEY,HOOEY,MONTREAL REBELLION
WTON,DALTON,GLADIATORS LEGION
FRDI,FRD,GLADIATORS LEGION
IROOU,ROOLF,GLADIATORS LEGION
ZHOLIK,ZHOLIK,CHICKEN CONTENDIES
BUCK,BUCK,CHICKEN CONTENDIES
SALTY,SALTY,CHICKEN CONTENDIES
GIG,GIG,CHICKEN CONTENDIES
HTPHAROLD,HTPHAROLD,CHICKEN CONTENDIES
SUHPOZE,SUHPOZE,CHICKEN CONTENDIES
EFZZ,EPZZ,MAYHEM ACADEMY
PAINTBRUSH,PAINTBRUSH,MAYHEM ACADEMY
FCTFCTN,FCTFCTN,MAYHEM ACADEMY
MANNETEN,MANNETEN,MAYHEM ACADEMY
SHAX,SHAX,MAYHEM ACADEMY
MANGACHU,MANGACHU,MAYHEM ACADEMY
EPZZ,EPZZ,MAYHEM ACADEMY
WAYFAST,WAYFAST,BERMUDA
ULTIMAWEP,ULTIMAWEP,BERMUDA
SHUH,SHUH,BERMUDA
UMTAE,UMTAE,BERMUDA
OJEE,OJEE,BERMUDA
PIZZADEMON,PIZZADEMON,BERMUDA
CARCAR,CARCAR,FUSION UNIVERSITY
ALARM,ALARM,FUSION UNIVERSITY
CHANGSIK,CHANGSIK,FUSION UNIVERSITY
BERNAR,BERNAR,FUSION UNIVERSITY
NA1ST,NA1ST,FUSION UNIVERSITY
BEASTHALO,BEASTHALO,FUSION UNIVERSITY
NAIST,NA1ST,FUSION UNIVERSITY
SHARP,SHARP,TEAM ENVYUS
JARU,JARU,TEAM ENVYUS
ELLIVOTE,ELLIVOTE,TEAM ENVYUS
TRILL,TRILL,TEAM ENVYUS
CRIMZO,CRIMZO,TEAM ENVYUS
FIRE,FIRE,TEAM ENVYUS
MAC,MAC,SKYFOXES
LASTRO,LASTRO,SKYFOXES
CLONEMAN16,CLONEMAN16,SKYFOXES
F4ZE,F4ZE,SKYFOXES
HORTHIC,HORTHIC,SKYFOXES
BUDS,BUDS,SKYFOXES
TRILL5,TRILL,TEAM ENVYUS
7CRIMZO,CRIMZO,TEAM ENVYUS
ELUVOTE,ELLIVOTE,TEAM ENVYUS
HRFI,FIRE,TEAM ENVYUS
FISCHER,FISCHER,TEAM ENVYUS
HZE,F4ZE,TEAM ENVYUS
IJARU,JARU,TEAM ENVYUS
IOTE,ELLIVOTE,TEAM ENVYUS
TRI,TRILL,TEAM ENVYUS
CLONEMANI6,CLONEMAN16,TEAM ENVYUS
CRMZO,CRIMZO,TEAM ENVYUS
SOCKS,SOCKS,SECOND GENERATION
SHADOWZ,SHADOWZ,SECOND GENERATION
BIPBOB,BIPBOB,SECOND GENERATION
CHRONOOOTA,CHRONODOTA,SECOND GENERATION
FELTY,FELTY,SECOND GENERATION
ECLIPSE,ECLIPSE,SECOND GENERATION
AJAX,AJAX,ATLANTA ACADEMY
SAUCY,SAUCY,ATLANTA ACADEMY
HAWK,HAWK,ATLANTA ACADEMY
PERFACT,PERFACT,ATLANTA ACADEMY
SUGARFREE,SUGARFREE,ATLANTA ACADEMY
CHRONODOTA,CHRONODOTA,SECOND GENERATION
ECUPSE,ECLIPSE,SECOND GENERATION
L0I,SOCKS,SECOND GENERATION
MMWZ,SHADOWZ,SECOND GENERATION
SHADWZ,SHADOWZ,SECOND GENERATION
OIFBOI,BIPBOB,SECOND GENERATION
COHRBNODOTA,CHRONODOTA,SECOND GENERATION
DTY,FELTY,SECOND GENERATION
FERFACT,,
NEAT,NEAT,WHO FUCKIN KNOWS
BOGUR,BOGUR,WHO FUCKIN KNOWS
ITSONYX,ITSONYX,PHASE 2
K1NG,K1NG,PHASE 2
PIKA,PIKA,PHASE 2
DUPLICATE,DUPLICATE,PHASE 2
PHAZ,PHAZ,PHASE 2
NISHIK,NISHIK,PHASE 2
POOKZ,POOKZ,NRG ESPORTS
BYREM,BYREM,NRG ESPORTS
STAND1,STAND1,NRG ESPORTS
SMEX,SMEX,NRG ESPORTS
EZIRE,EZIRE,NRG ESPORTS
KEVSTER,KEVSTER,NRG ESPORTS
DUCATE,DUPLICATE,PHASE 2
KING,K1NG,PHASE 2
DUPUCATE,DUPLICATE,PHASE 2
FHAZ,PHAZ,PHASE 2
HKA,PIKA,PHASE 2
MOCATE,DUPLICATE,PHASE 2
IKWG,K1NG,PHASE 2
HSAI,PIKA,PHASE 2
QUFUCATE,DUPLICATE,PHASE 2
IK1NG,K1NG,PHASE 2
IONYX,ITSONYX,PHASE 2
IIAEX,SMEX,NRG ESPORTS
FRILL,FRILL,XL2 ACADEMY
KIRBY,KIRBY,XL2 ACADEMY
YAKI,YAKI,XL2 ACADEMY
AKAWA,AKAWA,XL2 ACADEMY
JER,JER,XL2 ACADEMY
HAKU,HAKU,XL2 ACADEMY
ULTRAVIOLET,ULTRAVIOLET,SQUARE ONE
ANGHELUC,ANGHELL1C,SQUARE ONE
JOLFE,JOLFE,SQUARE ONE
HOTDATE,HOTDATE,SQUARE ONE
BIGALL,BIGALL,SQUARE ONE
DOVE,DOVE,SQUARE ONE
YMI,YAKI,XL2 ACADEMY
MOOPEY,MOOPEY,XL2 ACADEMY
RINAVX,RINAVX,SQUARE ONE
FRILFDI,FRILL,XL2 ACADEMY
OKIRBY,KIRBY,XL2 ACADEMY
IIFRILL,FRILL,XL2 ACADEMY
ANGHELLIC,ANGHELL1C,SQUARE ONE
MILKYMAN,MILKYMAN,TEAM GIGANTTI
VIZILITY,VIZILITY,TEAM GIGANTTI
LILBOW,LILBLOW,TEAM GIGANTTI
ZUPPEH,ZUPPEH,TEAM GIGANTTI
ZAPPIS,ZAPPIS,TEAM GIGANTTI
DAVIN,DAVIN,TEAM GIGANTTI
EXORATH,EXORATH,MORNING STARS
DRIDRO,DRIDRO,MORNING STARS
LEAFI,LEAF,MORNING STARS
DRAGONEDDY,DRAGONEDDY,MORNING STARS
HQRDEST,HQRDEST,MORNING STARS
MOWZASSA,MOWZASSA,MORNING STARS
LEAF,LEAF,MORNING STARS
HORDEST,HQRDEST,MORNING STARS
KSP,KSP,MORNING STARS
UKSP,KSP,MORNING STARS
FLIPPY,FLIPPY,YOUNG AND BEAUTIFUL
KRAANDOP,KRAANDOP,YOUNG AND BEAUTIFUL
HUNNI,HUNNI,YOUNG AND BEAUTIFUL
DANII,DANII,YOUNG AND BEAUTIFUL
YUNGSAVAGE,YUNGSAVAGE,YOUNG AND BEAUTIFUL
JONA,JONA,YOUNG AND BEAUTIFUL
TRISPEAR,TRISPEAR,ETERNAL ACADEMY
ASCOFT,ASCOFT,ETERNAL ACADEMY
TXAO,TXAO,ETERNAL ACADEMY
ZEAL,ZEAL,ETERNAL ACADEMY
KENSI,KENSI,ETERNAL ACDEMY
SUPERPLOUK,SUPERPLOUK,ETERNAL ACADEMY
FJONA,JONA,YOUNG AND BEAUTIFUL
ASCOFTI,ASCOFT,ETERNAL ACADEMY
DAN,DANII,ETERNAL ACADEMY
GUSTAV,GUSTAV,SHUS MONEY CREW
MAUZ,MAUZ,SHUS MONEY CREW
JKLOL21,JKLOL21,SHUS MONEY CREW
BARBIEO9130,BARBIEQ9130,SHUS MONEY CREW
SLUR,SLUR,SHUS MONEY CREW
OBLING,OBLING,SHUS MONEY CREW
PHATT,PHATT,ANGRY TITANS
LULLSISH,LULLSISH,ANGRY TITANS
ERKI,ERKI,ANGRY TITANS
AFOXX,AFOXX,ANGRY TITANS
EMIL,EMIL,ANGRY TITANS
SPECTR9L,SPECTR9L,ANGRY TITANS
BARBIEQ9130,BARBIEQ9130,SHUS MONEY CREW
OOLING,OBLING,SHUS MONEY CREW
BARBIEOOI30,BARBIEQ9130,SHUS MONEY CREW
SFECTR9L,SPECTR9L,ANGRY TITANS
BARBIE09130,BARBIEQ9130,SHUS MONEY CREW
OOUNG,OBLING,SHUS MONEY CREW
NUMLOCKED,NUMLOCKED,BRITISH HURRICANE
HAFFICOOL,HAFFICOOL,BRITISH HURRICANE
DANNEDD,DANNEDD,BRITISH HURRICANE
JOFI,JOFI,BRITISH HURRICANE
SPARKR,SPARKR,BRITISH HURRICANE
BOCKI,BOCK1,BRITISH HURRICANE
SCALER,SCALER,ONE POINT
YIOIDS,YIQIDS,ONE POINT
ENGH,ENGH,ONE POINT
POLLY,POLLY,ONE POINT
TEK36,TEK36,ONE POINT
CHUBZ,CHUBZ,ONE POINT
WMLOCKED,NUMLOCKED,BRITISH HURRICANE
YIQIDS,YIQIDS,ONE POINT
TSUNA,TSUNA,BRITISH HURRICANE
BOCK1,BOCK1,BRITISH HURRICANE
HAFFICOOC,HAFFICOOL,BRITISH HURRICANE
ESD,DANNEDD,BRITISH HURRICANE
HARBLEU,HARBLEU,CHICKEN CONTENDIES
ZHOUK,ZHOLIK,CHICKEN CONTENDIES
GURU,GURU,BERMUDA
SALTT,SALTY,CHICKEN CONTENDIES
GOG,GIG,CHICKEN CONTENDIES
LMIZI,KLAUS,UPRISING ACADEMY
HYFNOTT,HYPNOTT,UPRISING ACADEMY
BWIMMER,SWIMMER,UPRISING ACADEMY
KLI,KLAUS,UPRISING ACADEMY
FUNK,PUNK,UPRISING ACADEMY
IOOLF,ROOLF,GLADIATORS LEGION
LUDDIE,LUDDEE,GLADIATORS LEGION
WATBR,WATER,GLADIATORS LEGION
FANKER,PANKER,GLADIATORS LEGION
JOLFEA,JOLFE,SQUARE ONE
ANGHELL1C,ANGHELL1C,SQUARE ONE
UAEX,SMEX,NRG ESPORTS
CRIMZM,CRIMZO,TEAM ENVYUS
PERFSCT,PERFACT,ATLANTA ACADEMY
SUGARFBE,SUGARFREE,ATLANTA ACADEMY
FIREI,FIRE,TEAM ENVYUS
CRIMZCI,CRIMZO,TEAM ENVYUS
IPIM,PIKA,PHASE 2
MNG,K1NG,PHASE 2
MICATE,DUPLICATE,PHASE 2
MOODIO,MOOPEY,XL2 ACADEMY
MOOFEY,MOOPEY,XL2 ACADEMY
MZE,F4ZE,SKYFOXES
IF4ZE,F4ZE,SKYFOXES
DMAJ,JER,XL2 ACADEMY
DZE,F4ZE,SKYFOXES
JOII,JOFI,BRITISH HURRICANE
OZEAL2,ZEAL,ETERNAL ACADEMY
TRISPEAR1,TRISPEAR,ETERNAL ACADEMY
IASCOFT,ASCOFT,ETERNAL ACADEMY
VJOFI,JOFI,ETERNAL ACADEMY
DANNEOD,DANNEDD,ETERNAL ACADEMY
IBOCK1,BOCK1,ETERNAL ACADEMY
TSUNAX,TSUNA,ETERNAL ACADEMY
UISI,KENSI,ETERNAL ACADEMY
KENSIAO,KENSI,ETERNAL ACADEMY
WCI,TXAO,ETERNAL ACADEMY
TRISFEAR,TRISPEAR,ETERNAL ACADEMY
BNSI,KENSI,ETERNAL ACADEMY
KENSID,KENSI,ETERNAL ACADEMY
MOLF1G,MOLF1G,SHUS MONEY CREW
YIODS,YIQIDS,ONE POINT
ISCALERU,SCALER,ONE POINT
TEKD,TEK36,ONE POINT
FOLLY,POLLY,SHUS MONEY CREW
ISOLD,SCALER,ONE POINT
MOLFIG,MOLF1G,SHUS MONEY CREW
WUZ,MAUZ,SHUS MONEY CREW
ZYKK,ZYKK,ONE POINT
SCALEN,SCALER,ONE POINT
TEK36I,TEK36,ONE POINT
IPHATT,PHATT,ANGRY TITANS
IMS,ZAPPIS,TEAM GIGANTTI
VIZIUTY,VIZILITY,TEAM GIGANTTI
ZUPFEH,ZUPPEH,TEAM GIGANTTI
SOWHAT,SOWHAT,TEAM MVP
IASPBR,JASP3R,TEAM MVP
ROOKIE,ROOKIE,TEAM MVP
VALENTINE,VALENTINE,TEAM MVP
FROPPY,FROPPY,TEAM MVP
FINN,FINN,TEAM MVP
KARAYAN,KARAYAN,WGS ARMAMENT
GARGOYLE,GARGOYLE,WGS ARMAMENT
OPI,DPI,WGS ARMAMENT
PELICAB,PELICAN,WGS ARMAMENT
NANOU,MANDU,WGS ARMAMENT
JASPBR,JASP3R,TEAM MVP
FLORA,FLORA,WGS ARMAMENT
PELICAN,PELICAN,WGS ARMAMENT
MANDU,MANDU,WGS ARMAMENT
MYUNBONG,MYUNBONG,WGS ARMAMENT
IASPSR,JASP3R,TEAM MVP
DOWHAT,SOWHAT,TEAM MVP
DPI,DPI,WGS ARMAMENT
JASPSR,JASP3R,TEAM MVP
MANOU,MANDU,WGS ARMAMENT
OBERON,OBERON,GENG
WOOHYAL,WOOHYAL,GENG
STALKSR,STALK3R,GENG
WEKEED,WEKEED,GENG
FUZE,FUZE,GENG
DNCE,DNCE,GENG
LEO,LEO,GEEKSTAR
GAEBULLSSI,GAEBULLSI,GEEKSTAR
YEOMWON,YEOMWON,GEEKSTAR
ASSASSIN,ASSASSIN,GEEKSTAR
WAFFLE,WAFFLE,GEEKSTAR
WHO,WHO,GEEKSTAR
STALKBR,STALK3R,GENG
EAEBULLSSI,GAEBULLSSI,GEEKSTAR
ONCE,DNCE,GENG
DDOBI,DDOBI,GEEKSTAR
OBG,OBERON,GENG
MBI,DDOBI,GEEKSTAR
WEKEEO,WEKEED,GENG
GLISTER,GLISTER,GENG
CREATIVE,CREATIVE,GENG
ION,ION,GC BUSAN WAVE
FRBE,FR3E,GC BUSAN WAVE
EOISONJ,EDISON,GC BUSAN WAVE
ZBSW,DELIGHT,GC BUSAN WAVE
DAYDREAM,DAYDREAM,GC BUSAN WAVE
FIELDER,FIELDER,GC BUSAN WAVE
TAKOYAKI,TAKOYAKI,ELEMENT MYSTIC
HANBIN,HANBIN,ELEMENT MYSTIC
SPBRK1E,SP9RK1E,ELEMENT MYSTIC
DOHA,DOHA,ELEMENT MYSTIC
UNIOUE,UNIQUE,ELEMENT MYSTIC
UNDINE,UNDINE,ELEMENT MYSTIC
EDISON,EDISON,GC BUSAN WAVE
DELIGHT,DELIGHT,GC BUSAN WAVE
SPBRIOE,SP9RK1E,ELEMENT MYSTIC
OOHA,DOHA,ELEMENT MYSTIC
OFRBE,FR3E,ELEMENT MYSTIC
EOISON,EDISON,GC BUSAN WAVE
AANBIN,HANBIN,ELEMENT MYSTIC
OELIGHT,DELIGHT,GC BUSANW AVE
OAYDREAM,DAYDREAM,GC BUSAN WAVE
UNOINE,UNDINE,ELEMENT MYSTIC
OAYOREAM,DAYDREAM,GC BUSAN WAVE
IFIELOER,FIELDER,GC BUSAN WAVE
EOISON1,EDISON,GC BUSAN WAVE
DIGHT,DELIGHT,GC BUSAN WAVE
DJL,UNIQUE,GC BUSAN WAVE
FIELOER,FIELDER,GC BUSAN WAVE
XZI,XZI,ELEMENT MYSTIC
V1LLAINYO,V1LLAINY0,O2 BLAST
CRONG,CR0NG,O2 BLAST
PROPER,PROPER,O2 BLAST
ARROW,ARROW,O2 BLAST
RAIN,RAIN,O2 BLAST
MEEGZ,MEE6,O2 BLAST
MAG,MAG,RUNAWAY
OOO,QOQ,O2 BLAST
HEESU,HEESU,RUNAWAY
SCHWI,SCHWI,RUNAWAY
LEEIAEGON,LEEJAEGON,RUNAWAY
GANGNAMJIN,GANGNAMJIN,RUNAWAY
MEES,MEE6,O2 BLAST
1TUBA,TTUBA,O2 BLAST
JOY,JOY,O2 BLAST
LEEJAEGON,LEEJAEGON,RUNAWAY
GANGNAMIIN,GANGNAMJIN,RUNAWAY
IOY,JOY,O2 BLAST
UANGNAMJIN,GANGNAMJIN,RUNAWAY
VILLAINYO,V1LLAINY0,O2 BLAST
TTUBA,TTUBA,O2 BLAST
7CRONG,CR0NG,O2 BLAST
V1LLAI,V1LLAINY0,O2 BLAST
ISCHWI,SCHWI,O2 BLAST
HYPN3TT,HYPN3TT,UPRISING ACADEMY
KELLEXI,KELLEX,BOSTON UPRISING
KELLEXD,KELLEX,BOSTON UPRISING
PII,HYPNOTT,BOSTON UPRISING
BIGGOOSE,BIGG00SE,LOS ANGELES GLADIATORS
KELLEXB,KELLEX,BOSTON UPRISING
KELLEXE,KELLEX,BOSTON UPRISING
7RIPA,RIPA,LOS ANGELES GLADIATORS
0878,YOUNGJIN,SHANGHAI DRAGONS
878,YOUNGJIN,SHANGHAI DRAGONS
LNOTEJ,NOTE,BOSTON UPRISING
088,YOUNGJIN,SHANGHAI DRAGONS
0578,YOUNGJIN,SHANGHAI DRAGONS
DORMAMMU,GUARDIAN,SHANGHAI DRAGONS
0328,YOUNGJIN,SHANGHAI DRAGONS
CBDEI,YOUNGJIN,SHANGHAI DRAGONS
FROZEN,ELSA,CHENGDU HUNTERS
AIMGODI,AIMGOD,BOSTON UPRISING
GOOSE,BIGG00SE,LOS ANGELES GLADIATORS
TIM,RIPA,LOS ANGELES GLADIATORS
KEEPONLIVING,ZUNBA,SEOUL DYNASTY
NARANKLUL,FITS,SEOUL DYNASTY
HLLYYLLH,RYUJEHONG,SEOUL DYNASTY
KEEPONUVING,KEEPONLIVING,MUNCHKIN
TOSREN,LIBERO,NEW YORK EXCELSIOR
RAINBOWBB,SAEBYEOLBE,NEW YORK EXCELSIOR
RONALDO,FLOWER,NEW YORK EXCELSIOR
BOSTRIAU,RCK,BOSTON UPRISING
BOSTRIAL1,RCK,BOSTON UPRISING
BOSTRIALI,RCK,BOSTON UPRISING
ZURCHETNAD,RAWKUS,HOUSTON OUTLAWS
DENTAY,DANTEH,HOUSTON OUTLAWS
KELLEXC,KELLEX,BOSTON UPRISING
COOLMATT69,COOLMATT,HOUSTON OUTLAWS
COOLMA1T69,COOLMATT,HOUSTON OUTLAWS
BLASG,BLASE,BOSTON UPRISING
LEAVE,LEAVE,CHENGDU HUNTERS
KELLEX9,KELLEX,BOSTON UPRISING
EOO,EQO,PHILADELPHIA FUSION
IMEKO,MEKO,NEW YORK EXCELSIOR
1BDOKO,POKO,PHILADELPHIA FUSION
INOLIBERO,LIBERO,NEW YORK EXCELSIOR
EARPE,CARPE,PHILADELPHIA FUSION
OEOO,EQO,PHILADELPHIA FUSION
FOKO,POKO,PHILADELPHIA FUSION
DOOMBOX,BOOMBOX,PHILADELPHIA FUSION
LUBERO,LIBERO,NEW YORK EXCELSIOR
OIONS,FUSIONS,BOSTON UPRISING
IAIMGOD,AIMGOD,BOSTON UPRISING
MASAAA,MASAA,ATLANTA REIGN
IPOKPO,POKPO,ATLANTA REIGN
IFRD,FRD,ATLANTA REIGN
FUSSONS,FUSIONS,BOSTON UPRISING
COALOURHEX,COLOURHEX,BOSTON UPRISING
FOKPO,POKPO,ATLANTA REIGN
ULASE,BLASE,BOSTON UPRISING
FDSIONS,FUSIONS,BOSTON UPRISING
WING,DDING,SHANGHAI DRAGONS
ZUFFY,LUFFY,SHANGHAI DRAGONS
ISHAZ,SHAZ,LOS ANGELES GLADIATORS
COMAI,COMA,SHANGHAI DRAGONS
DDINO,DDING,SHANGHAI DRAGONS
OAMSU,GAMSU,SHANGHAI DRAGONS
OSOTBA,HOTBA,GUANGZHOU CHARGE
OCRIO,RIO,GUANGZHOU CHARGE
TILEEN,EILEEN,GUANGZHOU CHARGE
SHAWBURN,SHADOWBURN,PARIS ETERNAL
TMM,HAPPY,GUANGZHOU CHARGE
PRIO,RIO,GUANGZHOU CHARGE
HAPFY,HAPPY,GUANGZHOU CHARGE
XSHU,SHU,GUANGZHOU CHARGE
1JDHCLOUDY,LHCLOUDY,PARIS ETERNAL
CHARAI,CHARA,GUANGZHOU CHARGE
IKRUISE,KRUISE,PARIS ETERNAL
OHAPPY,HAPPY,GUANGZHOU CHARGE
FINNSIAI,FINNSI,PARIS ETERNAL
HOT8A,HOTBA,GUANGZHOU CHARGE
BLUE,GESTURE,LONDON SPITFIRE
DPFJZZCBFOI,GUARD,LONDON SPITFIRE
8747858,PROFIT,LONDON SPITFIRE
DIEIZBFOI,GUARD,LONDON SPITFIRE
DI8Z8FOI,GUARD,LONDON SPITFIRE
SZIBEB,PROFIT,LONDON SPITFIRE
DI3JZCBFOI,GUARD,LONDON SPITFIRE
KELLEXO,KELLEX,BOSTON UPRISING
DIBZCBFOI,GUARD,LONDON SPITFIRE
8217858,PROFIT,LONDON SPITFIRE
DIZSIZCBFOI,GUARD,LONDON SPITFIRE
SZPFJES,PROFIT,LONDON SPITFIRE
BPFJZQBFOI,GUARD,LONDON SPITFIRE
BZIFJSB,PROFIT,LONDON SPITFIRE
DPFJZBFOI,GUARD,LONDON SPITFIRE
DIEIZBDFOI,GUARD,LONDON SPITFIRE
SZIZSEI,PROFIT,LONDON SPITFIRE
DIZEIZCBFOI,GUARD,LONDON SPITFIRE
8ZI7FJSI,PROFIT,LONDON SPITFIRE
DIZEIZBPOI,GUARD,LONDON SPITFIRE
EZIEJES,PROFIT,LONDON SPITFIRE
DPBZCBFOI,GUARD,LONDON SPITFIRE
DIZCJZCBFOI,GUARD,LONDON SPITFIRE
871785I,PROFIT,LONDON SPITFIRE
DISFJZCBFOI,GUARD,LONDON SPITFIRE
IBOT,TOBI,SEOUL DYNASTY
ILUCIT,ILLICIT,SEOUL DYNASTY
DRCK,RCK,BOSTON UPRISING
MARVEI,MARVE1,SEOUL DYNASTY
UOSIN,BDOSIN,LONDON SPITFIRE
OOIDIIINO,BIRDRING,LONDON SPITFIRE
FRCHT,PROFIT,LONDON SPITFIRE
XEFHER,XEPHER,LONDON SPITFIRE
OOB,BQB,FLORIDA MAYHEM
KRISI,KRIS,FLORIDA MAYHEM
ZCNUS,NUS,LONDON SPITFIRE
TURY,FURY,LONDON SPITFIRE
KRU,KRIS,LONDON SPITFIRE
BNI,SWON,FLORIDA MAYHEM
FROFIT,PROFIT,LONDON SPITFIRE
PROFOT,PROFIT,LONDON SPITFIRE
ISWON,SWON,FLORIDA MAYHEM
IWI,IVY,TORONTO DEFIANT
INEKO,NEKO,TORONTO DEFIANT
TANUS,JANUS,WASHINGTON JUSTICE
9GIDO,GIDO,WASHINGTON JUSTICE
AIK,ARK,WASHINGTON JUSTICE
9ADO,ADO,WASHINGTON JUSTICE
IMSZL,IMSZL,IM37
1ARKI,ARK,WASHINGTON JUSTICE
ADOI,ADO,WASHINGTON JUSTICE
IAID,AID,TORONTO DEFIANT
AOIUTIES,AGILITIES,LOS ANGELES VALIANT
TIZSJ,KSF,LOS ANGELES VALIANT
FATEI,FATE,LOS ANGELES VALIANT
SFACE,SPACE,LOS ANGELES VALIANT
FATE4,FATE,LOS ANGELES VALIANT
AGIUTIES,AGILITIES,LOS ANGELES VALIANT
OKSF,KSF,LOS ANGELES VALIANT
EUSTA,CUSTA,LOS ANGELES VALIANT
AGILMES,AGILITIES,LOS ANGELES VALIANT
AGIUTIESI,AGILITIES,LOS ANGELES VALIANT
IFISSURE,FISSURE,SEOUL DYNASTY
HYDRADON,HYDRATION,LOS ANGELES GLADIATORS
IECSE,JECSE,SEOUL DYNASTY
VOIC,VOID,LOS ANGELES GLADIATORS
OIOOOOCE,BIGG00SE,LOS ANGELES GLADIATORS
DECAYI,DECAY,LOS ANGELES GLADIATORS
OIGGOOSE,BIGG00SE,LOS ANGELES GLADIATORS
IDOSIN,BDOSIN,LONDON SPITFIRE
ITRDMG,BIRDRING,LONDON SPITFIRE
OESTURE,GESTURE,LONDON SPITFIRE
DNUS,NUS,LONDON SPITFIRE
COREYI,COREY,WASHINGTON JUSTICE
INEPTUNO,NEPTUNO,PHILADELPHIA FUSION
SAYAFLAYER,SAYAPLAYER,FLORIDA MAYHEM
ZARPE,CARPE,PHILADELPHIA FUSION
808,BQB,FLORIDA MAYHEM
YAKFUNG,YAKPUNG,TORONTO DEFIANT
DLASE,BLASE,BOSTON UPRISING
ZNVY,ENVY,TORONTO DEFIANT
DAID,AID,TORONTO DEFIANT
YAKPUNO,YAKPUNG,TORONTO DEFIANT
ENW,ENVY,TORONTO DEFIANT
IKELLEX,KELLEX,BOSTON UPRISING
OLASE,BLASE,BOSTON UPRISING
JJONAKH,JJONAK,NEW YORK EXCELSIOR
JJONAKJ,JJONAK,NEW YORK EXCELSIOR
IDIEM,DIEM,NEW YORK EXCELSIOR
JTJOMK,JJONAK,NEW YORK EXCELSIOR
UDERO,LIBERO,NEW YORK EXCELSIOR
NENBE,NENNE,NEW YORK EXCELSIOR
AMMO,ANAMO,NEW YORK EXCELSIOR
NENMI,NENNE,NEW YORK EXCELSIOR
UIERO,LIBERO,NEW YORK EXCELSIOR
IFI,JINMU,CHENGDU HUNTERS
BSA,ELSA,CHENGDU HUNTERS
AMENO,AMENG,CHENGDU HUNTERS
TVELTAL,YVELTAL,CHENGDU HUNTERS
FTMO,KYO,CHENGDU HUNTERS
OELSA,ELSA,CHENGDU HUNTERS
UMIENG,AMENG,CHENGDU HUNTERS
KRUISEI,KRUISE,PARIS ETERNAL
IGREYY,GREYY,PARIS ETERNAL
ELSAI,ELSA,CHENGDU HUNTERS
SHAOOWBURN,SHADOWBURN,PARIS ETERNAL
AMENGI,AMENG,CHENGDU HUNTERS
YVELZAL,YVELTAL,CHENGDU HUNTERS
KYO4,KYO,CHENGDU HUNTERS
7JMMI,JINMU,CHENGDU HUNTERS
BACONJACS,BACONJACK,CHENGDU HUNTERS
FGNNSI,FINNSI,PARIS ETERNAL
YVELTALI,YVELTAL,CHENGDU HUNTERS
BAEONJACK,BACONJACK,CHENGDU HUNTERS
YAKPUNGI,YAKPUNG,TORONTO DEFIANT
UAID,AID,TORONTO DEFIANT
SAFAPLAYER,SAYAPLAYER,FLORIDA MAYHEM
HAGOPMI,HAGOPEUN,FLORIDA MAYHEM
XMR,XEPHER,FLORIDA MAYHEM
EWON,SWON,FLORIDA MAYHEM
CARFE,CARPE,PHILADELPHIA FUSION
VIOL21,VIOL2T,SAN FRANCISCO SHOCK
CHOIHY08IN,CHOIHYOBIN,SAN FRANCISCO SHOCK
IHAPPY,HAPPY,GUANGZHOU CHARGE
XWI,KYB,GUANGZHOU CHARGE
SINATRM,SINATRAA,SAN FRANCISCO SHOCK
IKYB,KYB,GUANGZHOU CHARGE
1HOTBA,HOTBA,GUANGZHOU CHARGE
EILEEC,EILEEN,GUANGZHOU CHARGE
ISHUI,SHU,GUANGZHOU CHARGE
LFO,FRD,ATLANTA REIGN
MASM,MASAA,ATLANTA REIGN
FOKFO,POKPO,ATLANTA REIGN
ZKODAK,KODAK,ATLANTA REIGN
0BABYBAY,BABYBAY,ATLANTA REIGN
ERSTEI,ERSTER,ATLANTA REIGN
MASAO,MASAA,ATLANTA REIGN
POKPOI,POKPO,ATLANTA REIGN
SABYBAV,BABYBAY,ATLANTA REIGN
OABYBAY,BABYBAY,ATLANTA REIGN
KOOAK,KODAK,ATLANTA REIGN
OO0,POKPO,ATLANTA REIGN
IBABYMY,BABYBAY,ATLANTA REIGN
STITCHJ,STITCH,VANCOUVER TITANS
HBUMPER,BUMPER,VANCOUVER TIANS
JUDL,SLIME,VANCOUVER TITANS
TWIUGHT,TWILIGHT,VANCOUVER TITANS
SUME,SLIME,VANCOUVER TITANS
MGHT,TWILIGHT,VANCOUVER TITANS
IJANU,JJANU,VANCOUVER TITANS
HZKSAL,HAKSAL,VANCOUVER TITANS
GUXUEX,GUXUE,HANGZHOU SPARK
IRIA,RIA,HANGZHOU SPARK
JANUSI,JANUS,WASHINGTON JUSTICE
78878EIUIOJOCT,SHU,GUANGZHOU CHARGE
587828CH8F2I,SHU,GUANGZHOU CHARGE
BXMZSEIIBFEET,SHU,GUANGZHOU CHARGE
78875275EH8F28,SHU,GUANGZHOU CHARGE
78X6IB78CII8P9J,SHU,GUANGZHOU CHARGE
BYK,KYB,GUANGZHOU CHARGE
887578EH823,SHU,GUANGZHOU CHARGE
8237853EH8H8,SHU,GUANGZHOU CHARGE
75287878EH8F28,SHU,GUANGZHOU CHARGE
88755EH8F88,SHU,GUANGZHOU CHARGE
78237878EH8FS5,SHU,GUANGZHOU CHARGE
BZJBSEHCBJSB,SHU,GUANGZHOU CHARGE
BXWBEIEIISCPBI,SHU,GUANGZHOU CHARGE
BXMZEIEHCLFBT,SHU,GUANGZHOU CHARGE
8875278EH8F2I,SHU,GUANGZHOU CHARGE
BLTL1,AIMGOD,BOSTON UPRISING
LTBD,KELLEX,BOSTON UPRISING
8875278388,SHU,GUANGZHOU CHARGE
HUYA17712168,ARK,WASHINGTON JUSTICE
HUYAI7712168,ARK,WASHINGTON JUSTICE
HUYA17712I68,ARK,WASHINGTON JUSTICE
HUYA177I2168,ARK,WASHINGTON JUSTICE
580I,STITCH,VANCOUVER TITANS
045,HAKSAL,VANCOUVER TITANS
MOINSDMW,BUMPER,VANCOUVER TITANS
HDOI,TWILIGHT,VANCOUVER TITANS
MOISMW,BUMPER,VANCOUVER TITANS
HOI,TWILIGHT,VANCOUVER TITANS
MOBMW,BUMPER,VANCOUVER TITANS
GSIOFSMN,BUMPER,VANCOUVER TITANS
SLSEOI,STITCH,VANCOUVER TITANS
88Q838N,BUMPER,VANCOUVER TITANS
DLIGOI,SEOMINSOO,VANCOUVER TITANS
880I,SEOMINSOO,VANCOUVER TITANS
WEI,HAKSAL,VANCOUVER TITANS
GSIOINSMW,BUMPER,VANCOUVER TITANS
DLIM,SEOMINSOO,VANCOUVER TITANS
GBIOBMW,BUMPER,VANCOUVER TITANS
8BIOI8MW,BUMPER,VANCOUVER TITANS
SGOI,STITCH,VANCOUVER TITANS
MOSMW,BUMPER,VANCOUVER TITANS
GGOI,STITCH,VANCOUVER TITANS
945,HAKSAL,VANCOUVER TITANS
BBWSMGN,BUMPER,VANCOUVER TITANS
HOLSWN,BUMPER,VANCOUVER TITANS
4SIFEOI,STITCH,VANCOUVER TITANS
HOEMW,BUMPER,VANCOUVER TITANS
AMENGFAN,FUSIONS,BOSTON UPRISING
7828787581938,SHU,GUANGZHOU CHARGE
8X37FZ78EI19JSEI,SHU,GUANGZHOU CHARGE
8883M88,SHU,GUANGZHOU CHARGE
75X382E4I89J,SHU,GUANGZHOU CHARGE
BXMZSCIFUBI,SHU,GUANGZHOU CHARGE
75237828EII8F8,SHU,GUANGZHOU CHARGE
78237873EH8F88,SHU,GUANGZHOU CHARGE
8885388,SHU,GUANGZHOU CHARGE
BBBSCHOJBT,SHU,GUANGZHOU CHARGE
7888730188,SHU,GUANGZHOU CHARGE
BX8BSUIELFBI,SHU,GUANGZHOU CHARGE
88878388,SHU,GUANGZHOU CHARGE
8882M88,SHU,GUANGZHOU CHARGE
BWBSCJIBPBI,SHU,GUANGZHOU CHARGE
5589MET5,BACONJACK,CHENGDU HUNTERS
ILILIILILI,ELSA,CHENGDU HUNTERS
3589M58,BACONJACK,CHENGDU HUNTERS
5SBGMEE,BACONJACK,CHENGDU HUNTERS
5589MEE,ELSA,CHENGDU HUNTERS
5589METZ,ELSA,CHENGDU HUNTERS
55MMM,ELSA,CHENGDU HUNTERS
IULIILILI,BACONJACK,CHENGDU HUNTERS
55EKJMETJ,ELSA,CHENGDU HUNTERS
EMBERCELICA,BACONJACK,CHENGDU HUNTERS
SSBOMEB,ELSA,CHENGDU HUNTERS
EHAOOWBURN,SHADOWBURN,PARIS ETERNAL
HNNSI,FINNSI,PARIS ETERNAL
HNNN,FINNSI,PARIS ETERNAL
LHCLOLTN,LHCLOUDY,PARIS ETERNAL
DGREW,GREYY,PARIS ETERNAL
SHADOWDURN,SHADOWBURN,PARIS ETERNAL
FFISB,BQB,FLORIDA MAYHEM
ZNAMO,ANAMO,NEW YORK EXCELSIOR
FLOW3R,FL0W3R,NEW YORK EXCELSIOR
MANOQ,MANO,NEW YORK EXCELSIOR
FEOW3R,FL0W3R,NEW YORK EXCELSIOR
BUMFER,BUMPER,VANCOUVER TITANS
SEQMINSOO,SEOMINSOO,VANCOUVER TITANS
IMARVD,MARVE1,SEOUL DYNASTY
YAKPUNGJ,YAKPUNG,TORONTO DEFIANT
7ROKY,ROKY,TORONTO DEFIANT
DOO,EQO,PHILADELPHIA FUSION
TWOUGHT,TWILIGHT,VANCOUVER TITANS
ZSAMI,JJANU,VANCOUVER TITANS
DOKPO,POKPO,ATLANTA REIGN
OOKSF,KSF,LOS ANGELES VALIANT
SRACE,SPACE,LOS ANGELES VALIANT
MTEOI,FATE,LOS ANGELES VALIANT
L22,KSF,LOS ANGELES VALIANT
DFUSIONS,FUSIONS,BOSTON UPRISING
IGODSB,GODSB,HANGZHOU SPARK
1RCK,RCK,BOSTON UPRISING
CKELLEX,KELLEX,BOSTON UPRISING
ILASE,BLASE,BOSTON UPRISING
OUXUE,GUXUE,HANGZHOU SPARK
SHUI,SHU,GUANGZHOU CHARGE
BLEEN,EILEEN,GUANGZHOU CHARGE
ISHU,SHU,GUANGZHOU CHARGE
RIO1,RIO,GUANGZHOU CHARGE
VIOO2T,VIOL2T,SAN FRANCISCO SHOCK
6HARA,CHARA,GUANGZHOU CHARGE
KYBI,KYB,GUANGZHOU CHARGE
RIOI1,RIO,GUANGZHOU CHARGE
7ELSA,ELSA,CHENGDU HUNTERS
JNMU,JINMU,CHENGDU HUNTERS
IGEGURI,GEGURI,SHANGHAI DRAGONS
IYOUNGJIN,YOUNGJIN,SHANGHAI DRAGONS
TINMU,JINMU,CHENGDU HUNTERS
AMENB,AMENG,CHENGDU HUNTERS
8ACONJACK,BACONJACK,CHENGDU HUNTERS
ZSADO,SADO,PHILADELPHIA FUSION
IBDOSIN,BDOSIN,LONDON SPITFIRE
BIRDRINOI,BIRDRING,LONDON SPITFIRE
PROFFI,PROFIT,LONDON SPITFIRE
FURYI,FURY,LONDON SPITFIRE
NEFTUNO,NEPTUNO,PHILADELPHIA FUSION
ODOSIN,BDOSIN,LONDON SPITFIRE
DORDRING,BIRDRING,LONDON SPITFIRE
MIT,PROFIT,LONDON SPITFIRE
TEZE,NUS,LONDON SPITFIRE
IBIBDRNG,BIRDRING,LONDON SPITFIRE
PROFTT,PROFIT,LONDON SPITFIRE
IFURY,FURY,LONDON SPITFIRE
OESTLRI,GESTURE,LONDON SPITFIRE
BEDRI,BIRDRING,LONDON SPITFIRE
BBDINGI,BIRDRING,LONDON SPITFIRE
BAKSAL,HAKSAL,VANCOUVER TITANS
TWIUOOIIT,TWILIGHT,VANCOUVER TITANS
JJAW,JJANU,VANCOUVER TITANS
MIUGHTO,TWILIGHT,VANCOUVER TITANS
JJANUI,JJANU,VANCOUVER TITANS
IROKY,ROKY,TORONTO DEFIANT
OOGE,OGE,DALLAS FUEL
DAKM,AKM,DALLAS FUEL
CNOTE,NOTE,DALLAS FUEL
ZACHAREEEI,ZACHAREE,DALLAS FUEL
DOSER,CLOSER,DALLAS FUEL
TROAR,ROAR,LOS ANGELES GLADIATORS
HYTDRATION,HYDRATION,LOS ANGELES GLADIATORS
9VOID,VOID,LOS ANGELES GLADIATORS
BIOOOOSE,BIGG00SE,LOS ANGELES GLADIATORS
HYDRARON,HYDRATION,LOS ANGELES GLADIATORS
HAFFY,HAPPY,GUANGZHOU CHARGE
VVOID,VOID,LOS ANGELES GLADIATORS
VOIDJ,VOID,LOS ANGELES GLADIATORS
LUEI,ROAR,LOS ANGELES GLADIATORS
CHARA2,CHARA,LOS ANGELES GLADIATORS
HAFPY,HAPPY,GUANGZHOU CHARGE
HYDRA110N,HYDRATION,LOS ANGELES GLADIATORS
CLOSERI,CLOSER,DALLAS FUEL
CLOCCR,CLOSER,DALLAS FUEL
DNKOE,UNKOE,DALLAS FUEL
OGB,OGE,DALLAS FUEL
DOGMANI,DOGMAN,ATLANTA REIGN
IERSTER,ERSTER,ATLANTA REIGN
TDOKPO,POKPO,ATLANTA REIGN
ERSTERI,ERSTER,ATLANTA REIGN
FFRDI,FRD,ATLANTA REIGN
ICOREY,COREY,WASHINGTON JUSTICE
GGDO,GIDO,WASHINGTON JUSTICE
IADO,ADO,WASHINGTON JUSTICE
MMMYI,BABYBAY,ATLANTA REIGN
ERSTIRI,ERSTER,ATLANTA REIGN
LMASAA,MASAA,ATLANTA REIGN
LOJBZI,DOGMAN,ATLANTA REIGN
LADO,ADO,WASHINGTON JUSTICE
NENM,NENNE,NEW YORK EXCELSIOR
DBERO,LIBERO,NEW YORK EXCELISOR
NENNEL,NENNE,NEW YORK EXCELSIOR
DFATE,TESTESTTEST,TESTEST
SURSFOUR,TESTESTSET,TESTSET
BIC,TESTESTSET,TESTSET
1SMCE,SPACE,LOS ANGELES VALIANT
9AGIUTIES,AGILITIES,LOS ANGELES VALIANT
7ROAR,ROAR,LOS ANGELES GLADIATORS
SHA,SHAZ,LOS ANGELES GLADIATORS
AGOLIIIIES,AGILITIES,LOS ANGELES VALIANT
IZAYAKO,IZAYAKI,LOS ANGELES VALIANT
7H7OWI,ENVY,TORONTO DEFIANT
7HZDFXII,ENVY,TORONTO DEFIANT
7II7CMI,ENVY,TORONTO DEFIANT
7HZMI,ENVY,TORONTO DEFIANT
7IIZDWI,ENVY,TORONTO DEFIANT
EEEEE,IVY,TORONTO DEFIANT
7H76WIO,ENVY,TORONTO DEFIANT
7II7OFZH,ENVY,TORONTO DFIANT
7H7OFXH,ENVY,TORONTO DEFIANT
7II7OWI,ENVY,TORONTO DEFIANT
ANNIE,MUNCHKIN,SEOUL DYNASTY
UOU,FUSIONS,BOSTON UPRISING
UOI,AIMGOD,BOSTON UPRISING
IODO,CLOSER,DALLAS FUEL
UOD,FUSIONS,BOSTON UPRISING
LDSDZ,RCK,BOSTON UPRISING
WASTRIAL3,ARK,WASHINGTON JUSTICE
NDO,ADO,WASHINGTON JUSTICE
WASTRIALS,ARK,WASHINGTON JUSTICE
CHOIHYOOIN,CHOIHYOBIN,SAN FRANCISCO SHOCK
OKRIS,KRIS,FLORIDA MAYHEM
VOIDII,VOID,LOS ANGELES GLADIATORS
IHYDRATION,HYDRATION,LOS ANGELES GLADIATORS
SAYAPLAYERI,SAYAPLAYER,FLORIDA MAYHEM
BOO,BQB,FLORIDA MAYHEM
SAYAPLAYEM,SAYAPLAYER,FLORIDA MAYHEM
IHAGOMN,HAGOPEUN,FLORIDA MAYHEM
BOE,BQB,FLORIDA MAYHEM
DOB,BQB,FLORIDA MAYHEM
BOMPER,BUMPER,VANCOUVER TITANS
SEOMSOET,SEOMINSOO,VANCOUVER TITANS
CIIOAKSAL,HAKSAL,VANCOUVER TITANS
OOSER,CLOSER,DALLAS FUEL
DZACHAREEE,ZACHAREE,DALLAS FUEL
TWIUOHT,TWILIGHT,VANCOUVER TITANS
ISO,SEOMINSOO,VANCOUVER TITANS
SLIMFEI,BUMPER,VANCOUVER TITANS
544,HAKSAL,VANCOUVER TITANS
MUGHT,TWILIGHT,VANCOUVER TITANS
JJANJOI,JJANU,VANCOUVER TITANS
HAKSALI,HAKSAL,VANCOUVER TITANS
HAM,HAKSAL,VANCOUVER TITANS
CANAMO,ANAMO,NEW YORK EXCELSIOR
1MUMA,MUMA,HOUSTON OUTLAWS
EOK,EQO,PHILADELPHIA FUSION
IARK,ARK,WASHINGTON JUSTICE
AGILI11ES,AGILITIES,LOS ANGELES VALIANT
AADO,ADO,WASHINGTON JUSTICE
AGELITIES,AGILITIES,LOS ANGELES VALIANT
IZAYAKIK,IZAYAKI,LOS ANGELES VALIANT
CUSM,CUSTA,LOS ANGELES VALIANT
VZJZANUS,JANUS,LOS ANGELES VALIANT
CSFATE,FATE,LOS ANGELES VALIANT
OMTE,FATE,LOS ANGELES VALAINT
SEOM,SEOMINSOO,VANCOUVER TITANS
HARSAL,HAKSAL,VANCOUVER TITANS
SLME,SLIME,VANCOUVER TITANS
TWIUONI,TWILIGHT,VANCOUVER TITANS
UANU,JJANU,VANCOUVER TITANS
JJANU1,JJANU,VANCOUVER TITANS
YOUNGAN,YOUNGJIN,SHANGHAI DRAGONS
IDIYA,DIYA,SHANGHAI DRAGONS
GUXUL,GUXUE,HANGZHOU SPARK
IDK1,IDK,HANGZHOU SPARK
KWL,KRYSTAL,HANGZHOU SPARK
ZRIA,RIA,HANGZHOU SPARK
KML,KRYSTAL,HANGZHOU SPARK
CBODSB,GODSB,HANGZHOU SPARK
UOFOPI,POKPO,ATLANTA REIGN
UOFOFI,POKPO,ATLANTA REIGN
UOFOI,POKPO,ATLANTA REIGN
UOIOPI,POKPO,ATLANTA REIGN
UOIOFI,POKPO,ATLANTA REIGN
LSBABYBAY,BABYBAY,ATLANTA REIGN
DOGMANZ,DOGMAN,ATLANTA REIGN
ERRER,ERSTER,ATLANTA REIGN
SBABYBAY,BABYBAY,ATLANTA REIGN
EDOSIN,BDOSIN,LONDON SPITFIRE
7FURY,FURY,LONDON SPITFIRE
COLOURHN,COLOURHEX,BOSTON UPRISING
AIMOD,AIMGOD,BOSTON UPRISING
FUSIONSI,FUSIONS,BOSTON UPRISING
YOUNGMN1,YOUNGJIN,SHANGHAI DRAGONS
DDURFI,GEGURI,SHANGHAI DRAGONS
SVVON,SWON,SHANGHAI DR AGONS
UDURFI,GEGURI,SHANGHAI DRAGONS
ZDDING,DDING,SHANGHAI DRAGONS
CQM,COMA,SHANGHAI DRAGONS
OUFFY,LUFFY,SHANGHAI DRAGONS
3UFFY,LUFFY,SHANGHAI DRAGONS
NOTE1,NOTE,DALLAS FUEL
ZOGE,OGE,DALLAS FUEL
YANGXIAOLONO,YANGXIAOLONG,CHENGDU HUNTERS
ROM,ROAR,LOS ANGELES GLADIATORS
ZDECAY,DECAY,LOS ANGELES GLADIATORS
IREMIIX,IREMIIX,IREMIIX
ALEMAOJ,ALEMAO,BOSTON UPRISING
ARCHTTECT,ARCHITECT,SAN FRANCISCO SHOCK
ZACBZ,RCK,BOSTON UPRISING
SOONI,SOON,PARIS ETERNAL
LHCLOUDYI,LHCLOUDY,PARIS ETERNAL
NCOGDH,NICOGDH,PARIS ETERNAL
KIUISE,KRUISE,PARIS ETERNAL
IPROFIT,PROFIT,LONDON SPITFIRE
SHADOWBURM,SHADOWBURN,PARIS ETERNAL
OODSI,GODSB,HANGZHOU SPARK
ADORAI,ADORA,HANGZHOU SPARK
RIAI,RIA,HANGZHOU SPARK
GODSO,GODSB,HANGZHOU SPARK
IIA,RIA,HANGZHOU SPARK
XYO,KYO,HANGZHOU SPARK
FANOXIQOLOOO,YANGXIAOLONG,CHENGDU HUNTERS
JONMU,JINMU,CHENGDU HUNTERS
YANOXIAOLONG,YANGXIAOLONG,CHENGDU HUNTERS
GUXUEI,GUXUE,HANGZHOU SPARK
IEBE,BEBE,HANGZHOU SPARK
UNKZR,LINKZR,HOUSTON OUTLAWS
EMMA,MUMA,HOUSTON OUTLAWS
JAK6,JAKE,HOUSTON OUTLAWS
RYUJEHONO,RYUJEHONG,SEOUL DYNASTY
MICHELLS,MICHELLE,SEOUL DYNASTY
IMARVEI,MARVE1,SEOUL DYNASTY
SFREE,SPREE,HOUSTON OUTLAWS
KSFI,KSF,LOS ANGELES VALIANT
IZAYATO,IZAYAKI,LOS ANGELES VALIANT
AGIUYIES,AGILITIES,LOS ANGELES VALIANT
AGMIES,AGILITIES,LOS ANGELES VALIANT
OEMCE,SPACE,LOS ANGELES VALIANT
INOTE,NOTE,DALLAS FUEL
DSL,RIA,HANGZHOU SPARK
DUXUE,GUXUE,HANGZHOU SPARK
WEBE,BEBE,HANGZHOU SPARK
IIDK,IDK,HANGZHOU SPARK
GUXUF,GUXUE,HANGZHOU SPARK
DDC,IDK,HANGZHOU SPARK
SHADOWRURN,SHADOWBURN,PARIS ETERNAL
5ODSB,GODSB,HANGZHOU SPARK
IDX,IDK,HANGZHOU SPARK
YABKBXIAOLONG,YANGXIAOLONG,CHENGDU HUNTERS
YVELIAL,YVELTAL,CHENGDU HUNTERS
TANOXIAOLONG,YANGXIALONG,CHENGDU HUNTERS
IGESTURE,GESTURE,LONDON SPITFIRE
YANOXIAOLONO,YANGXIAOLONG,CHENGDU HUNTERS
0JINMUI,JINMU,CHENGDU HUNTERS
MUNCHIUN,MUNCHKIN,SEOUL DYNASTY
MCHKIN,MUNCHKIN,SEOUL DYNASTY
MHONG,RYUJEHONG,SEOUL DYNASTY
CTOINI,TOBI,SEOUL DYNASTY
XICUSTA,CUSTA,LOS ANGELES VALIANT
MARVH,MARVE1,SEOUL DYNASTY
MSD,FITS,SEOUL DYNASTY
MRVDI,MARVE1,SEOUL DYNASTY
MICHELLEI,MICHELLE,SEOUL DYNASTY
PIUHDIIIIIII,MUNCHKIN,SEOUL DYNASTY
CUSTAI,CUSTA,LOS ANGELES VALIANT
TOBO,TOBI,SEOUL DYNASTY
ATARVH,MARVE1,SEOUL DYNASTY
WCHELLE,MICHELLE,SEOUL DYNASTY
MERCHKIN,MUNCHKIN,SEOUL DYNASTY
RYDJEHONG,RYUJEHONG,SEOUL DYNASTY
9TOBI,TOBI,SEOUL DYNASTY
ICUSTA,CUSTA,LOS ANGELES VALIANT
WHKIN,MUNCHKIN,SEOUL DYNASTY
SYUJEHONG,RYUJEHONG,SEOUL DYNASTY
AGIUNES,AGILITIES,LOS ANGELES VALIANT
MICHELLL,MICHELLE,SEOUL DYNASTY
TODI,TOBI,SEOUL DYNASTY
LINKZI,LINKZR,HOUSTON OUTLAWS
JAKEP,JAKE,HOUSTON OUTLAWS
COOCMATT,COOLMATT,HOUSTON OUTLAWS
MUMA4,MUMA,HOUSTON OUTLAWS
JAXE,JAKE,HOUSTON OUTLAWS
BOINR,BOINK,HOUSTON OUTLAWS
C6OLMATT,COOLMATT,HOUSTON OUTLAWS
TAUMA,MUMA,HOUSTON OUTLAWS
EAWKUS,RAWKUS,HOUSTON OUTLAWS
TBOINKI,BOINK,HOUSTON OUTLAWS
MSI,FITS,SEOUL DYNASTY
W1I,MARVE1,SEOUL DYNASTY
WIN,MUNCHKIN,SEOUL DYNASTY
MFONO,RYUJEHONG,SEOUL DYNASTY
TOO,TOBI,SEOUL DYNASTY
COLOURFEX,COLOURHEX,NEW YORK EXCELSIOR
BLASEE,BLASE,BOSTON UPRISING
ILCK,RCK,BOSTON UPRISING
SHI,SHU,GUANGZHOU CHARGE